ID,X100_T1,X103_T1,X105_T1,X106_T1,X113_T1,X114_T1,X118_T1,X121_T1,X124_T1,X12_T1,X13_T1,X15_T1,X17_T1,X20_T1,X22_T1,X23_T1,X26_T1,X33_T1,X36_T1,X39_T1,X404_T1,X409_T1,X40_T1,X410_T1,X412_T1,X414_T1,X419_T1,X41_T1,X422_T1,X425_T1,X427_T1,X42_T1,X431_T1,X432_T1,X433_T1,X434_T1,X437_T1,X438_T1,X43_T1,X440_T1,X441_T1,X443_T1,X44_T1,X46_T1,X48_T1,X50_T1,X51_T1,X52_T1,X53_T1,X54_T1,X55_T1,X57_T1,X65_T1,X67_T1,X68_T1,X700_T1,X701_T1,X707_T1,X708_T1,X709_T1,X710_T1,X711_T1,X714_T1,X715_T1,X716_T1,X719_T1,X71_T1,X721_T1,X722_T1,X725_T1,X726_T1,X728_T1,X72_T1,X730_T1,X731_T1,X732_T1,X737_T1,X73_T1,X740_T1,X750_T1,X754_T1,X757_T1,X75_T1,X766_T1,X768_T1,X769_T1,X77_T1,X79_T1,X7_T1,X80_T1,X81_T1,X85_T1,X86_T1,X87_T1,X97_T1,X98_T1
hsa-let-7f-5p,6.424078061,6.444672656,6.428083051,6.445521846,6.435823088,6.479094169,6.471187713,6.476953313,6.478438005,6.343222291,6.417894879,6.416642337,6.452473667,6.43870324,6.465212191,6.468874574,6.445908277,6.443465373,6.473911478,6.469058236,6.47509406,6.414514932,6.467831422,6.480151602,6.445017202,6.477670547,6.418223978,6.423762846,6.452452623,6.476157001,6.463479825,6.479895698,6.477000595,6.433402684,6.39208006,6.467729895,6.432438811,6.365253517,6.44042037,6.423627538,6.415304083,6.430737196,6.471881683,6.473597845,6.468148381,6.475740747,6.4736013,6.456428003,6.462805158,6.476440738,6.435277656,6.43992898,6.451874331,6.169835932,6.309211505,6.379211495,6.437959988,6.459374677,6.448892626,6.405062257,6.402764989,6.405989287,6.285068425,6.401785081,6.326514375,6.365432818,6.38343533,6.455521151,6.457071064,6.414610806,6.35069991,6.428243848,6.448748138,6.455196583,6.453157133,6.393228297,6.459147618,6.435230855,6.480448132,6.456810123,6.459971183,6.471243661,6.422905089,6.459695942,6.460704869,6.469477733,6.445232794,6.452168845,6.461467174,6.429204446,6.433546251,6.464145871,6.429204301,6.467909336,6.459294271,6.468644484
hsa-miR-10a-5p,-0.153827432,-0.157518585,-0.166786608,-0.168376367,-0.166277629,-0.146257975,-0.119785967,-0.148194896,-0.140130847,-0.163185376,-0.172683818,-0.161867503,-0.159795921,-0.163945613,-0.134646834,-0.153457901,-0.139454831,-0.157680912,-0.140294099,-0.139358918,-0.136737182,-0.159852167,-0.144080058,-0.147755176,-0.170014482,-0.151376221,-0.168364815,-0.157390574,-0.166464636,-0.146447106,-0.149283753,-0.1470017,-0.145960997,-0.171249715,-0.166177475,-0.158172289,-0.160765111,-0.170414598,-0.139532358,-0.174184711,-0.158679386,-0.169375145,-0.120189272,-0.149511113,-0.151582826,-0.146914183,-0.156170614,-0.158574454,-0.156434641,-0.151391586,-0.169772923,-0.167146517,-0.15789518,-0.188493098,-0.189257609,-0.172223386,-0.173040704,-0.139478625,-0.157480921,-0.172036378,-0.159423101,-0.168251675,-0.187754381,-0.172346547,-0.181077181,-0.174083904,-0.174604905,-0.156866358,-0.156445031,-0.167867932,-0.184284834,-0.168771765,-0.161663163,-0.147165144,-0.161231173,-0.164677287,-0.152184211,-0.16098293,-0.152298907,-0.150933918,-0.156999933,-0.149559938,-0.162547649,-0.15574997,-0.134603692,-0.134125718,-0.166289617,-0.167787274,-0.163614312,-0.161271524,-0.154698611,-0.143738382,-0.164240831,-0.133407891,-0.155318865,-0.150837314
hsa-miR-10b-5p,-0.181842362,-0.177632184,-0.178605702,-0.176939055,-0.17722992,-0.158706902,-0.166263421,-0.158784544,-0.160154715,-0.189519723,-0.183550808,-0.178865777,-0.173414891,-0.17638634,-0.165079026,-0.166562978,-0.175966908,-0.173230822,-0.165390482,-0.168599702,-0.161526814,-0.181029492,-0.166229331,-0.157435575,-0.176295454,-0.160076167,-0.178193952,-0.181406177,-0.174964957,-0.161429404,-0.168409509,-0.15905911,-0.15951575,-0.178807001,-0.181264384,-0.167705961,-0.177079942,-0.192898084,-0.175339978,-0.182212176,-0.177651921,-0.176853743,-0.164782761,-0.16370349,-0.168220542,-0.163514617,-0.162941906,-0.17074385,-0.168105578,-0.161472102,-0.177110849,-0.17273086,-0.175930712,-0.201689425,-0.199470641,-0.182354213,-0.179544781,-0.172913625,-0.17362027,-0.182921245,-0.18803425,-0.186681534,-0.207813751,-0.188073609,-0.19739129,-0.18973059,-0.192013656,-0.171888233,-0.170009953,-0.180413339,-0.193989997,-0.181606426,-0.173685285,-0.172891089,-0.173624574,-0.184206075,-0.171324818,-0.179577401,-0.157578477,-0.169703064,-0.170669059,-0.163247477,-0.181678542,-0.171057093,-0.169781638,-0.168419594,-0.176559823,-0.173470214,-0.170258387,-0.183848398,-0.176906934,-0.169692916,-0.179621645,-0.168611493,-0.169805705,-0.166394932
hsa-miR-143-3p,-0.114606531,-0.102421409,-0.149488872,-0.143911544,-0.093574872,-0.135959693,-0.119393752,-0.142900073,-0.143863451,-0.015553432,-0.066911781,-0.093056498,-0.124905415,-0.095995552,-0.0767275,-0.093548976,-0.049970756,-0.093130163,-0.107653404,-0.121814447,-0.106174621,-0.068513027,-0.088942506,-0.119938689,-0.092159648,-0.114635414,-0.030195236,-0.075652728,-0.080516937,-0.128468347,-0.049993661,-0.114356639,-0.140233271,-0.109670295,-0.127774435,-0.1200376,-0.116707882,-0.038324123,0.042388888,-0.143412759,-0.044844174,-0.094589161,-0.134120571,-0.091881464,-0.114147966,-0.095735889,-0.14330516,0.051113588,-0.092320276,-0.145554691,-0.089055737,-0.118615917,-0.120644222,-0.0114062,-0.176503536,-0.055718878,-0.113687081,-0.135353527,-0.125202223,-0.037294914,-0.107318243,-0.116429101,-0.087548299,-0.09970512,-0.168519242,-0.098085711,-0.119402796,-0.122333313,-0.157678206,-0.136665252,-0.045876966,-0.107253909,-0.070484144,-0.108652945,-0.111871986,-0.038491267,-0.143418368,-0.113213032,-0.139214755,-0.10599913,-0.126771293,-0.136191421,-0.08511806,-0.13203253,-0.094033506,-0.098752219,-0.10964788,-0.134915368,-0.077634831,-0.094257631,-0.05935985,-0.100246999,-0.057717276,-0.129556441,-0.122234053,-0.148465726
hsa-miR-145-3p,-0.181842362,-0.177475658,-0.178728817,-0.176661046,-0.176548065,-0.158293317,-0.167243958,-0.161431956,-0.159960309,-0.188835714,-0.183104983,-0.178723532,-0.172960925,-0.175734683,-0.164097343,-0.166375762,-0.175698831,-0.172998039,-0.16508255,-0.168599702,-0.161657423,-0.181506459,-0.165875885,-0.157539805,-0.173081933,-0.160353456,-0.176817873,-0.18089134,-0.173075997,-0.161001339,-0.16769898,-0.158708894,-0.15951575,-0.179097666,-0.181120012,-0.167705961,-0.176792456,-0.192898084,-0.17546869,-0.181829916,-0.177651921,-0.177019934,-0.165282688,-0.163918526,-0.168220542,-0.163017369,-0.162264777,-0.172148011,-0.167044584,-0.161165704,-0.176193608,-0.171534215,-0.175425043,-0.20021352,-0.199470641,-0.181824112,-0.179073471,-0.173130736,-0.17362027,-0.18176679,-0.187801639,-0.186316586,-0.206996854,-0.18779866,-0.197279166,-0.190688551,-0.191269692,-0.171370237,-0.170009953,-0.180735016,-0.191979017,-0.180721277,-0.171524005,-0.172635364,-0.173024202,-0.183729182,-0.171546738,-0.178954992,-0.157119384,-0.169425161,-0.170036787,-0.163475349,-0.181330074,-0.170902302,-0.170380776,-0.16829258,-0.175937386,-0.173470214,-0.168850872,-0.183669216,-0.176458281,-0.169692916,-0.179012504,-0.168679062,-0.16996232,-0.166774386
hsa-miR-147b,-0.181842362,-0.177475658,-0.178482586,-0.176827852,-0.177442999,-0.158665544,-0.166263421,-0.161431956,-0.159804783,-0.189747726,-0.183439352,-0.17897246,-0.173285187,-0.176267857,-0.167042394,-0.166562978,-0.176181369,-0.173347214,-0.165390482,-0.168599702,-0.161526814,-0.181578004,-0.166229331,-0.157709179,-0.176149385,-0.160700068,-0.178193952,-0.181436461,-0.174964957,-0.161001339,-0.168217248,-0.158333664,-0.159412081,-0.179222237,-0.181480943,-0.167705961,-0.177151813,-0.192898084,-0.174928101,-0.182212176,-0.177651921,-0.177352316,-0.16438282,-0.163488454,-0.166140828,-0.163132118,-0.162264777,-0.172148011,-0.168105578,-0.161426143,-0.177110849,-0.17273086,-0.175762155,-0.201711129,-0.199910437,-0.182265863,-0.179136312,-0.171393853,-0.17362027,-0.183086168,-0.188383166,-0.185842154,-0.207450686,-0.187908639,-0.197559477,-0.19020957,-0.192162448,-0.172060898,-0.170009953,-0.180413339,-0.194077431,-0.180721277,-0.173144965,-0.173197959,-0.17358169,-0.184730658,-0.171269338,-0.1794996,-0.157348931,-0.169745819,-0.170398085,-0.163566498,-0.181817929,-0.171160287,-0.169781638,-0.168102059,-0.176559823,-0.173637359,-0.170349194,-0.183848398,-0.176906934,-0.168991442,-0.179545502,-0.168003369,-0.169766552,-0.166300068
hsa-miR-1827,-0.181842362,-0.17622345,-0.178297913,-0.175549009,-0.176249754,-0.158334675,-0.166067314,-0.16010825,-0.159299326,-0.188265706,-0.182324789,-0.177372204,-0.172571812,-0.175319992,-0.16606071,-0.165701787,-0.175109061,-0.172416081,-0.162927033,-0.168599702,-0.160664793,-0.180361738,-0.165286809,-0.156419328,-0.175565108,-0.15955625,-0.177491871,-0.181133616,-0.172131517,-0.161429404,-0.167640466,-0.15808351,-0.158790066,-0.179014619,-0.180614709,-0.167705961,-0.176792456,-0.192898084,-0.175339978,-0.181256526,-0.177651921,-0.176687552,-0.164349491,-0.163595972,-0.168220542,-0.162443621,-0.162264777,-0.172148011,-0.167650866,-0.160522266,-0.175276367,-0.17286382,-0.174076592,-0.200712723,-0.198542184,-0.181824112,-0.178382216,-0.172913625,-0.17362027,-0.18176679,-0.187336417,-0.185696175,-0.205998424,-0.186808845,-0.196438232,-0.19004991,-0.191120899,-0.170334246,-0.168776778,-0.180252501,-0.192678488,-0.178950979,-0.173009885,-0.172379639,-0.172252294,-0.183824561,-0.170492617,-0.179266197,-0.155742105,-0.168570075,-0.16964538,-0.162746157,-0.180877065,-0.170145545,-0.169781638,-0.166831915,-0.176248604,-0.172857347,-0.169683273,-0.184206761,-0.176121791,-0.168991442,-0.17891098,-0.167327676,-0.16910094,-0.165636024
hsa-miR-199b-5p,-0.181842362,-0.177945236,-0.17866726,-0.176661046,-0.176675913,-0.158624185,-0.167243958,-0.161431956,-0.160115834,-0.188949715,-0.183216439,-0.177656694,-0.172636664,-0.175793924,-0.16606071,-0.165926445,-0.176234984,-0.172741978,-0.165544447,-0.168599702,-0.161291717,-0.181506459,-0.166229331,-0.15759192,-0.173812279,-0.160665407,-0.176340458,-0.180527927,-0.174964957,-0.161429404,-0.167841086,-0.158959048,-0.15951575,-0.179056142,-0.181120012,-0.167705961,-0.176001869,-0.190087648,-0.175494433,-0.181447656,-0.177651921,-0.176853743,-0.165182703,-0.163918526,-0.168220542,-0.163285118,-0.161587648,-0.166531367,-0.165730972,-0.161395503,-0.175276367,-0.17273086,-0.175425043,-0.198889546,-0.199812705,-0.181647411,-0.178727843,-0.173347846,-0.17362027,-0.182426479,-0.188615777,-0.186353081,-0.206724555,-0.188348557,-0.197335228,-0.190369231,-0.192162448,-0.171715568,-0.170009953,-0.180091662,-0.193115658,-0.181163851,-0.172739725,-0.172737654,-0.173109969,-0.182560793,-0.171824138,-0.178954992,-0.156889838,-0.169382407,-0.170187328,-0.163505732,-0.181434614,-0.170902302,-0.170466367,-0.168483102,-0.176248604,-0.173637359,-0.166792571,-0.183490035,-0.175673138,-0.17039439,-0.177768841,-0.1688142,-0.169609937,-0.166394932
hsa-miR-202-3p,-0.181842362,-0.177710447,-0.178975049,-0.177105861,-0.176675913,-0.15878962,-0.167243958,-0.161431956,-0.160115834,-0.189177718,-0.183272167,-0.178865777,-0.173350039,-0.175556958,-0.167042394,-0.166600421,-0.175913292,-0.173230822,-0.165390482,-0.168599702,-0.161814154,-0.182102667,-0.166582777,-0.157826439,-0.176295454,-0.16076939,-0.178334368,-0.181709022,-0.172131517,-0.161429404,-0.168325917,-0.159184186,-0.159593502,-0.179097666,-0.181625315,-0.167705961,-0.177151813,-0.191492866,-0.176369673,-0.181829916,-0.177651921,-0.177518507,-0.165382674,-0.164348598,-0.168220542,-0.163591116,-0.162941906,-0.172148011,-0.168105578,-0.161548702,-0.177110849,-0.171268294,-0.175930712,-0.201494084,-0.198639916,-0.182442563,-0.179261995,-0.172913625,-0.17362027,-0.18325109,-0.188615777,-0.186645039,-0.207813751,-0.188348557,-0.197503415,-0.190528891,-0.19171607,-0.171888233,-0.170009953,-0.179448308,-0.193640261,-0.181163851,-0.173685285,-0.172839944,-0.17392476,-0.184754503,-0.171657698,-0.179343998,-0.157578477,-0.169489293,-0.170638951,-0.163657647,-0.181748235,-0.17128068,-0.170808731,-0.168546609,-0.176559823,-0.173581644,-0.170258387,-0.183669216,-0.17713126,-0.166887021,-0.179393217,-0.16888177,-0.170158088,-0.166489796
hsa-miR-21-5p,0.255190541,0.291867754,0.135338977,0.344217286,0.587171811,0.047217378,0.125152178,0.072863995,0.047277007,1.172684213,0.692774416,0.756714956,0.405715616,0.571301306,0.311037533,0.234040509,0.497442311,0.549141642,0.032917132,0.223226802,0.151465154,0.762983173,0.270158476,0.011482814,0.51388108,0.076936699,0.7467559,0.668134416,0.397390045,0.127514928,0.326176858,-0.00969232,0.111890335,0.543868818,0.917336873,0.175506238,0.632839991,1.028236208,0.554198457,0.605626239,0.770974842,0.651110191,0.202430296,0.158743,0.197809207,0.072104438,0.172237043,0.383899744,0.340666413,0.107331456,0.609881708,0.584213534,0.33159252,1.831868936,0.614542206,0.994912651,0.453141588,0.23807635,0.488093041,0.822774529,0.461531885,0.668171972,0.703026865,0.626434201,0.441213574,1.029114368,0.542724919,0.401532984,0.400949949,0.757114603,1.096009801,0.526070212,0.479966967,0.416606407,0.37575904,0.90451794,0.198005663,0.573926609,-0.018243732,0.415453915,0.335178937,0.217056448,0.65290231,0.298974759,0.352238541,0.132540925,0.425647665,0.34930452,0.344210984,0.465863842,0.627976534,0.29398134,0.636145235,0.119571542,0.362292037,0.238577449
hsa-miR-2115-3p,-0.181842362,-0.17778871,-0.178728817,-0.177161463,-0.177485615,-0.158830978,-0.167047851,-0.161431956,-0.160349122,-0.189405721,-0.183662264,-0.178865777,-0.173285187,-0.176208615,-0.167042394,-0.166525535,-0.176449446,-0.173230822,-0.165390482,-0.168599702,-0.161396205,-0.182150364,-0.166464962,-0.157709179,-0.176149385,-0.160492101,-0.177885036,-0.181254754,-0.174964957,-0.161429404,-0.167924677,-0.159034094,-0.159541668,-0.179429854,-0.181553129,-0.167705961,-0.177223685,-0.190087648,-0.176215219,-0.182021046,-0.177651921,-0.176687552,-0.165149375,-0.164348598,-0.168220542,-0.163552867,-0.162941906,-0.172148011,-0.168105578,-0.161487422,-0.177110849,-0.172597899,-0.175425043,-0.201146813,-0.199812705,-0.182383663,-0.17951336,-0.173347846,-0.17362027,-0.183086168,-0.188499472,-0.186535555,-0.207632218,-0.188348557,-0.197783726,-0.19020957,-0.192162448,-0.172060898,-0.170009953,-0.180574178,-0.193727695,-0.181606426,-0.173685285,-0.173095669,-0.17392476,-0.184372988,-0.171824138,-0.179810805,-0.157578477,-0.169403784,-0.170729276,-0.163642456,-0.181992163,-0.171194685,-0.170808731,-0.168546609,-0.176248604,-0.173693074,-0.169940561,-0.183669216,-0.176906934,-0.17039439,-0.179139408,-0.16888177,-0.170236395,-0.166774386
hsa-miR-223-3p,-0.165033404,-0.16229263,-0.157245152,-0.137795338,-0.137469268,-0.1461339,-0.157242481,-0.157460838,-0.148101513,-0.093986465,-0.119853528,-0.135125448,-0.139302613,-0.109087935,-0.160170608,-0.14383503,-0.150821293,-0.127698451,-0.148300307,-0.136434839,-0.144547614,-0.117998331,-0.147143255,-0.148745365,-0.082665156,-0.13945279,-0.111103073,-0.105604091,-0.136241269,-0.118622837,-0.092157259,-0.15202979,-0.143524769,-0.159207887,-0.147697817,-0.167705961,-0.112144042,-0.121231974,-0.153767882,-0.156600738,-0.158679386,-0.142950764,-0.14175279,-0.137146543,-0.147423397,-0.149591673,-0.129762576,-0.097727478,-0.088278394,-0.131490992,-0.132166052,-0.15345158,-0.134465845,-0.10000391,-0.165459779,-0.148928375,-0.12748075,-0.155544794,-0.141341572,-0.119261264,-0.159306795,-0.161719111,-0.166787348,-0.154474886,-0.152485444,-0.111816477,-0.134133278,-0.130966574,-0.133014711,-0.127175777,-0.089856219,-0.163018297,-0.14761484,-0.13458347,-0.133399625,-0.117727122,-0.160339774,-0.086916247,-0.146101151,-0.133511534,-0.133455315,-0.145032872,-0.150455809,-0.141423192,-0.151379549,-0.16333902,-0.162866216,-0.160488596,-0.056476704,-0.150162269,-0.123965881,-0.156364912,-0.129164454,-0.156178743,-0.151129427,-0.143532823
hsa-miR-223-5p,-0.176239376,-0.169414566,-0.173065502,-0.172991323,-0.169431207,-0.153454365,-0.157634695,-0.150842308,-0.155294553,-0.179373589,-0.170287507,-0.172571437,-0.1693292,-0.174194402,-0.161152292,-0.162594011,-0.168085446,-0.169064005,-0.161849274,-0.148131153,-0.155362058,-0.171680943,-0.160574197,-0.153748424,-0.169284137,-0.156540731,-0.174599296,-0.174773873,-0.165520155,-0.159289076,-0.161521561,-0.15570705,-0.156172417,-0.173118275,-0.173107347,-0.158172289,-0.168778784,-0.185871994,-0.159765852,-0.174375841,-0.177651921,-0.172034202,-0.152517885,-0.159080216,-0.168220542,-0.159498383,-0.158879131,-0.168403581,-0.163861601,-0.158071077,-0.173441886,-0.168609083,-0.171885359,-0.196241599,-0.192336179,-0.176581998,-0.175899984,-0.157933008,-0.168240487,-0.179622801,-0.184312474,-0.177703821,-0.198010982,-0.182244698,-0.191785067,-0.182386227,-0.182193335,-0.165326954,-0.163844079,-0.17590986,-0.186907851,-0.175852957,-0.170308285,-0.169004068,-0.171609038,-0.181869297,-0.163113775,-0.170863674,-0.156660291,-0.163995363,-0.164316227,-0.160193986,-0.174395561,-0.167496897,-0.164303807,-0.159782618,-0.174070076,-0.169681587,-0.16751903,-0.174351776,-0.172869057,-0.167588495,-0.174723135,-0.160165331,-0.164833195,-0.159469895
hsa-miR-224-5p,-0.17063639,-0.174814715,-0.15176651,-0.149360527,-0.174289421,-0.157755655,-0.164694562,-0.158784544,-0.154750215,-0.183363642,-0.181878964,-0.176518735,-0.171728733,-0.173898194,-0.164097343,-0.16622599,-0.171195138,-0.169715797,-0.16200324,-0.165675623,-0.159149726,-0.156537247,-0.165051178,-0.15694048,-0.172351588,-0.159972184,-0.177070622,-0.180437073,-0.173075997,-0.159289076,-0.165701141,-0.157583203,-0.156794433,-0.166682125,-0.181192198,-0.167705961,-0.173737917,-0.190087648,-0.17361524,-0.178389574,-0.168165653,-0.174527068,-0.160583375,-0.163380936,-0.164061113,-0.162940869,-0.152784969,-0.171211903,-0.167701389,-0.154807931,-0.167938441,-0.166082832,-0.168008562,-0.201515789,-0.19424196,-0.178761304,-0.174454634,-0.171828074,-0.162860704,-0.181601867,-0.176752618,-0.180951855,-0.178950043,-0.174106218,-0.175078522,-0.180470306,-0.182788506,-0.165499619,-0.166310429,-0.168511286,-0.185421475,-0.174967808,-0.167336524,-0.156217813,-0.166634524,-0.174191312,-0.167219296,-0.164561782,-0.153676186,-0.168057023,-0.167688347,-0.16297403,-0.177984781,-0.16656815,-0.163704669,-0.165688786,-0.165044744,-0.167341553,-0.169864888,-0.176501955,-0.17298122,-0.17039439,-0.168682485,-0.162327548,-0.162483978,-0.164307934
hsa-miR-296-5p,-0.179040869,-0.1744234,-0.174358215,-0.168932386,-0.171817698,-0.1582106,-0.166851743,-0.161431956,-0.15941597,-0.186327681,-0.174522847,-0.176909908,-0.168615825,-0.172831847,-0.167042394,-0.165177584,-0.173393369,-0.171671175,-0.165390482,-0.165675623,-0.160821524,-0.178573113,-0.16575807,-0.157670093,-0.173520141,-0.159972184,-0.177154872,-0.179801099,-0.166464636,-0.160573273,-0.166612289,-0.158483756,-0.158012546,-0.174986835,-0.176283539,-0.167705961,-0.170288085,-0.178845905,-0.175520175,-0.171700019,-0.177651921,-0.175191832,-0.163482951,-0.163811008,-0.164061113,-0.163399867,-0.16023339,-0.172148011,-0.166084636,-0.158438755,-0.1670212,-0.165683951,-0.168682788,-0.198585683,-0.183247069,-0.18102896,-0.174894523,-0.170742522,-0.125202223,-0.180117567,-0.185940751,-0.177046915,-0.199735543,-0.178835335,-0.183656044,-0.179352686,-0.182193335,-0.16947092,-0.157678206,-0.173014766,-0.180787478,-0.180278702,-0.173415125,-0.168901778,-0.172595364,-0.183609959,-0.164167895,-0.170396867,-0.155971651,-0.167757743,-0.168983,-0.16206254,-0.177322692,-0.170111147,-0.170380776,-0.167530494,-0.170024238,-0.167731559,-0.167170935,-0.178831315,-0.167260894,-0.166887021,-0.176677463,-0.167462815,-0.168905172,-0.162220937
hsa-miR-30a-3p,-0.181842362,-0.178023499,-0.173434848,-0.17677225,-0.177400383,-0.158334675,-0.165871206,-0.161431956,-0.159960309,-0.189519723,-0.18349508,-0.178936899,-0.173025778,-0.176267857,-0.164097343,-0.16671275,-0.176342215,-0.172206576,-0.165390482,-0.168599702,-0.161526814,-0.182078819,-0.165286809,-0.152562803,-0.165194202,-0.160492101,-0.178193952,-0.181163901,-0.174964957,-0.160573273,-0.168108579,-0.151029175,-0.159463916,-0.178765478,-0.18133657,-0.167705961,-0.176361227,-0.192898084,-0.176215219,-0.182212176,-0.177651921,-0.177518507,-0.157217199,-0.164026044,-0.168220542,-0.163017369,-0.160910519,-0.171211903,-0.168004531,-0.161364863,-0.177110849,-0.171933096,-0.172222471,-0.201732834,-0.200008169,-0.182030262,-0.179576201,-0.161623885,-0.17362027,-0.178138501,-0.185126613,-0.18657205,-0.196014122,-0.188183588,-0.191224445,-0.187814669,-0.191120899,-0.172060898,-0.167543604,-0.180735016,-0.193203092,-0.179836128,-0.169767964,-0.173300249,-0.17392476,-0.183490735,-0.171657698,-0.179188396,-0.157578477,-0.169596178,-0.170337869,-0.163596881,-0.181120993,-0.169698371,-0.170637549,-0.167657508,-0.176559823,-0.173414498,-0.166913647,-0.181519038,-0.174551506,-0.169692916,-0.179443979,-0.168476354,-0.170079781,-0.164877116
hsa-miR-3154,-0.181842362,-0.178023499,-0.179036606,-0.177105861,-0.177357768,-0.15878962,-0.167243958,-0.161431956,-0.160349122,-0.189747726,-0.183216439,-0.178723532,-0.173220334,-0.176090132,-0.167042394,-0.166637864,-0.176342215,-0.173486883,-0.165390482,-0.168599702,-0.161761911,-0.182245757,-0.166347146,-0.157761295,-0.176003316,-0.160630745,-0.17791312,-0.181648453,-0.174964957,-0.161429404,-0.168442945,-0.159209202,-0.159645337,-0.179139189,-0.181625315,-0.167705961,-0.177475235,-0.192898084,-0.176292446,-0.182212176,-0.177651921,-0.176853743,-0.165382674,-0.164348598,-0.168220542,-0.163591116,-0.162941906,-0.172148011,-0.168206625,-0.161625302,-0.177110849,-0.17273086,-0.175593599,-0.201559198,-0.199666106,-0.182530914,-0.179544781,-0.173347846,-0.168240487,-0.183086168,-0.18803425,-0.186718029,-0.207904518,-0.188403547,-0.197783726,-0.190848211,-0.192311241,-0.171888233,-0.170009953,-0.180735016,-0.194077431,-0.181606426,-0.173685285,-0.173249104,-0.17392476,-0.184778348,-0.171602218,-0.179733004,-0.157578477,-0.169788573,-0.170729276,-0.163627264,-0.181992163,-0.171349476,-0.170808731,-0.168546609,-0.175937386,-0.173748789,-0.17013731,-0.184206761,-0.177243424,-0.17039439,-0.17946936,-0.16888177,-0.170158088,-0.166774386
hsa-miR-32-3p,-0.176239376,-0.177710447,-0.177867009,-0.175437805,-0.17629237,-0.157797014,-0.166655636,-0.16010825,-0.159143801,-0.186213679,-0.182547701,-0.176803225,-0.171145063,-0.175379233,-0.167042394,-0.165814116,-0.174519292,-0.172183298,-0.16508255,-0.165675623,-0.160743159,-0.179383956,-0.165522439,-0.1572662,-0.172351588,-0.159486928,-0.177548037,-0.179195409,-0.174020477,-0.158004879,-0.166428388,-0.158658864,-0.158038464,-0.177561295,-0.180253778,-0.167705961,-0.175175347,-0.18868243,-0.173666725,-0.180109745,-0.177651921,-0.176687552,-0.162949696,-0.162950864,-0.168220542,-0.163055619,-0.162264777,-0.171211903,-0.166842489,-0.160614186,-0.177110849,-0.171667175,-0.174582261,-0.200126702,-0.198737649,-0.18111731,-0.178256534,-0.171828074,-0.17362027,-0.182096634,-0.187103806,-0.184236384,-0.204909227,-0.18581903,-0.195709423,-0.187814669,-0.190376936,-0.170852242,-0.168776778,-0.177679084,-0.191192112,-0.181163851,-0.172604645,-0.171868189,-0.172252294,-0.183252288,-0.169383017,-0.177787975,-0.156889838,-0.16792876,-0.168230294,-0.16247271,-0.180598291,-0.169681172,-0.169439273,-0.167149451,-0.174070076,-0.172355912,-0.169335178,-0.182773308,-0.175224485,-0.169692916,-0.178733314,-0.165300597,-0.16910094,-0.165636024
hsa-miR-338-5p,-0.181842362,-0.177710447,-0.178421029,-0.176216231,-0.176974224,-0.158334675,-0.167047851,-0.161431956,-0.15999919,-0.187125691,-0.181934692,-0.176696541,-0.172247551,-0.171291566,-0.167042394,-0.165814116,-0.175645215,-0.171973793,-0.165390482,-0.168599702,-0.161317839,-0.18133952,-0.166111516,-0.157604949,-0.173520141,-0.159972184,-0.175441794,-0.180830772,-0.174020477,-0.160573273,-0.167824367,-0.15910914,-0.159049239,-0.178640907,-0.180325964,-0.167705961,-0.176469034,-0.180251123,-0.17557166,-0.181256526,-0.177651921,-0.17336373,-0.16524936,-0.163811008,-0.168220542,-0.163246868,-0.162264777,-0.171211903,-0.166084636,-0.161288263,-0.174359126,-0.171268294,-0.174076592,-0.196914438,-0.199324043,-0.180881709,-0.177471017,-0.173347846,-0.17362027,-0.177478812,-0.187336417,-0.18565968,-0.206633788,-0.187578701,-0.197054917,-0.18925161,-0.191269692,-0.171542902,-0.170009953,-0.179930824,-0.191804149,-0.181606426,-0.173009885,-0.172584219,-0.172295178,-0.181726229,-0.171713178,-0.179188396,-0.156889838,-0.16822804,-0.170036787,-0.163353817,-0.180180129,-0.170919501,-0.170551958,-0.16829258,-0.175626168,-0.173247353,-0.168109278,-0.184206761,-0.174439342,-0.17039439,-0.176652082,-0.168746631,-0.169375015,-0.166394932
hsa-miR-3529-3p,-0.173437883,-0.174971241,-0.173988868,-0.174325768,-0.175013892,-0.154405612,-0.160576307,-0.154813426,-0.157394143,-0.187695699,-0.180374303,-0.175451897,-0.168226712,-0.174253644,-0.157225557,-0.163941962,-0.173339754,-0.169226953,-0.160309619,-0.165675623,-0.155440424,-0.172110213,-0.160692013,-0.155780917,-0.171183035,-0.157545904,-0.176087709,-0.175167571,-0.167409116,-0.157576813,-0.165542317,-0.152980374,-0.156405673,-0.174654646,-0.177221959,-0.158172289,-0.172480166,-0.187277212,-0.163112358,-0.178007313,-0.139706851,-0.175025641,-0.152051287,-0.160262914,-0.166140828,-0.160492879,-0.162264777,-0.159042508,-0.166387778,-0.159419231,-0.175276367,-0.169539806,-0.172559584,-0.199518976,-0.194974953,-0.178260652,-0.176434135,-0.165748982,-0.168240487,-0.179128034,-0.180009172,-0.182849583,-0.202095469,-0.180759975,-0.193747245,-0.182865207,-0.187103495,-0.170161581,-0.152745507,-0.173014766,-0.18979317,-0.163903446,-0.167471604,-0.167725442,-0.17208076,-0.180843976,-0.164556255,-0.173820117,-0.155512558,-0.166133079,-0.1667851,-0.15831024,-0.178960491,-0.16708412,-0.16070898,-0.158004417,-0.171891548,-0.17124161,-0.168290893,-0.18062313,-0.174102853,-0.167588495,-0.177261223,-0.160503177,-0.166086111,-0.161746619
hsa-miR-365a-3p__hsa-miR-365b-3p,-0.181842362,-0.177866973,-0.178297913,-0.176716648,-0.176718529,-0.158251958,-0.166459529,-0.161431956,-0.160076952,-0.189747726,-0.18288207,-0.178367919,-0.172117846,-0.1756162,-0.167042394,-0.166488092,-0.175162677,-0.173370492,-0.165236516,-0.168599702,-0.161552936,-0.181983425,-0.166464962,-0.157552834,-0.174396555,-0.160526762,-0.177885036,-0.180467358,-0.174964957,-0.160573273,-0.167949755,-0.158858987,-0.159463916,-0.179305284,-0.181697501,-0.167705961,-0.176361227,-0.191492866,-0.176137992,-0.181638786,-0.177651921,-0.177352316,-0.164982732,-0.163811008,-0.168220542,-0.162979119,-0.161587648,-0.171679957,-0.167802437,-0.161119744,-0.177110849,-0.17273086,-0.175593599,-0.201385562,-0.198835381,-0.182442563,-0.178445057,-0.172479405,-0.17362027,-0.183086168,-0.188150555,-0.185915144,-0.205907657,-0.188238578,-0.196550357,-0.18925161,-0.191120899,-0.171542902,-0.170009953,-0.179769985,-0.193465394,-0.181606426,-0.173550205,-0.172737654,-0.173538807,-0.184253765,-0.171213857,-0.178877191,-0.156660291,-0.169318275,-0.170367977,-0.163399392,-0.181678542,-0.1709367,-0.170637549,-0.168419594,-0.176559823,-0.173358783,-0.169607601,-0.183848398,-0.176346118,-0.17039439,-0.179393217,-0.1688142,-0.169844859,-0.166489796
hsa-miR-374a-5p,-0.181842362,-0.176771291,-0.176820526,-0.174659379,-0.174459885,-0.157590221,-0.166655636,-0.161431956,-0.159066039,-0.185757673,-0.18048576,-0.175665265,-0.170561392,-0.173009571,-0.167042394,-0.165364799,-0.173018061,-0.170996104,-0.164158757,-0.165675623,-0.160142356,-0.177714573,-0.164226471,-0.156927451,-0.172789795,-0.159105655,-0.176593207,-0.177136063,-0.174964957,-0.157148748,-0.165600831,-0.158583817,-0.157416448,-0.176772347,-0.178593496,-0.167705961,-0.170359957,-0.191492866,-0.173692467,-0.175522622,-0.177651921,-0.174527068,-0.163116338,-0.162520792,-0.168220542,-0.162061123,-0.161587648,-0.171679957,-0.165225736,-0.159051553,-0.177110849,-0.17033757,-0.173402366,-0.195481942,-0.194193094,-0.179026354,-0.176402715,-0.172696515,-0.162860704,-0.177808656,-0.185359224,-0.18259412,-0.204636928,-0.184719235,-0.191672943,-0.185419768,-0.188145044,-0.169988915,-0.167543604,-0.17478399,-0.18778219,-0.180278702,-0.173280045,-0.167367427,-0.170236759,-0.181034734,-0.168273417,-0.175064935,-0.155742105,-0.166432359,-0.168049645,-0.160588965,-0.178124168,-0.167514096,-0.169524865,-0.16740348,-0.172202766,-0.170238738,-0.165808824,-0.181698219,-0.175336648,-0.168289969,-0.177591174,-0.167395245,-0.168709404,-0.16392848
hsa-miR-4492,-0.181842362,-0.176927817,-0.177928566,-0.175771416,-0.176931608,-0.158624185,-0.16410624,-0.161431956,-0.159765902,-0.189519723,-0.183104983,-0.178616848,-0.172701516,-0.176090132,-0.167042394,-0.166675307,-0.175913292,-0.173347214,-0.164004792,-0.168599702,-0.161500692,-0.182174212,-0.166464962,-0.157448603,-0.174980832,-0.16076939,-0.178306285,-0.181285039,-0.174964957,-0.161429404,-0.168409509,-0.15910914,-0.159541668,-0.179056142,-0.181480943,-0.167705961,-0.177223685,-0.192898084,-0.176060764,-0.180874265,-0.177651921,-0.176853743,-0.164882747,-0.16424108,-0.168220542,-0.163361617,-0.162941906,-0.172148011,-0.168156101,-0.161150384,-0.177110849,-0.17286382,-0.173739479,-0.201450676,-0.19795579,-0.182472013,-0.179010629,-0.163794989,-0.17362027,-0.18325109,-0.186638584,-0.186024628,-0.203547731,-0.188073609,-0.195653361,-0.190688551,-0.190228143,-0.171542902,-0.170009953,-0.180574178,-0.193203092,-0.181606426,-0.173550205,-0.172379639,-0.173624574,-0.184706814,-0.171047417,-0.179421799,-0.157119384,-0.169596178,-0.170277653,-0.163612073,-0.181574001,-0.170953899,-0.170466367,-0.166387365,-0.174692513,-0.172801632,-0.170258387,-0.180085585,-0.176794771,-0.169692916,-0.179443979,-0.16786823,-0.169923166,-0.165920614
hsa-miR-4504,-0.181842362,-0.176145186,-0.177928566,-0.176605444,-0.176548065,-0.157879731,-0.164498455,-0.161431956,-0.159649258,-0.188835714,-0.183216439,-0.178439042,-0.172636664,-0.175912407,-0.16606071,-0.165926445,-0.174680138,-0.172043628,-0.163542895,-0.162751545,-0.161030499,-0.18062407,-0.164697732,-0.157148941,-0.175857247,-0.160353456,-0.177604204,-0.180103944,-0.174020477,-0.160145207,-0.167372973,-0.157408095,-0.158893735,-0.178931572,-0.180759081,-0.167705961,-0.176612777,-0.192898084,-0.173332074,-0.181829916,-0.177651921,-0.177186125,-0.163349637,-0.163058382,-0.168220542,-0.162328871,-0.162264777,-0.171211903,-0.167802437,-0.161364863,-0.177110849,-0.172199017,-0.175425043,-0.200886359,-0.198688782,-0.180675559,-0.179356257,-0.170959632,-0.17362027,-0.182426479,-0.188266861,-0.18496628,-0.205544592,-0.187413732,-0.196326108,-0.18797433,-0.191269692,-0.171888233,-0.168776778,-0.180252501,-0.193028224,-0.178508404,-0.171524005,-0.172430784,-0.173281504,-0.184015318,-0.170880977,-0.178565986,-0.157348931,-0.16921139,-0.169524947,-0.163004413,-0.181469461,-0.170713112,-0.168925727,-0.167085944,-0.175937386,-0.173080208,-0.170107041,-0.183490035,-0.176458281,-0.168991442,-0.179012504,-0.166449275,-0.168787711,-0.165920614
hsa-miR-4508,0.605377163,0.3756092,0.630201971,0.318306814,0.059970283,-0.091333805,0.100050431,-0.010529479,-0.043316416,-0.102878582,0.158620058,-0.030859885,0.112194376,0.021598932,-0.115994845,-0.008216203,0.027289012,-0.079116621,0.115750592,0.012693158,-0.126601905,-0.004074814,-0.079281652,-0.104030524,0.005122378,-0.065139308,-0.154098525,0.101996107,0.117823905,-0.113486049,-0.136393929,-0.045839533,-0.118048052,0.217867447,-0.022454819,0.127837877,-0.005810157,0.130302017,-0.13137203,0.263885558,-0.139706851,-0.071987175,-0.061331198,-0.040057787,0.08758434,0.026166372,-0.060695398,-0.143128683,-0.111216078,-0.053359329,-0.020262682,-0.078727753,0.237200952,-0.096596306,1.112830656,-0.107904416,0.288685864,0.221141739,-0.017606563,0.000472277,0.640409722,0.390300789,1.167387662,0.487970073,1.121472675,0.146353853,0.722466555,0.037900017,-0.010930412,0.050872504,0.159855007,0.322043364,0.004620351,-0.00569802,0.149890373,-0.055587899,0.264970044,0.105952771,-0.061628027,-0.079534207,0.067456755,-0.062315174,0.170552909,0.140210661,-0.013492271,0.130000638,0.218065032,0.213526834,-0.073669574,0.382006884,-0.060257156,0.021809462,0.06466933,0.179235228,0.024043884,0.003790229
hsa-miR-450b-5p,-0.181842362,-0.177397395,-0.178851933,-0.176716648,-0.176633297,-0.158748261,-0.167047851,-0.161431956,-0.160038071,-0.187467696,-0.181043041,-0.178225674,-0.172182698,-0.175379233,-0.167042394,-0.166263433,-0.175966908,-0.173137709,-0.165390482,-0.168599702,-0.161631302,-0.181005644,-0.165640255,-0.157644035,-0.174542625,-0.160284134,-0.177407621,-0.18122447,-0.174964957,-0.161429404,-0.167163994,-0.159134156,-0.159075156,-0.179180713,-0.180759081,-0.167705961,-0.175822191,-0.192898084,-0.175417205,-0.181065396,-0.177651921,-0.176853743,-0.164849418,-0.163488454,-0.168220542,-0.163591116,-0.162941906,-0.172148011,-0.167600342,-0.161441462,-0.175276367,-0.171933096,-0.175256486,-0.199258522,-0.199568374,-0.180852259,-0.179324836,-0.173130736,-0.168240487,-0.181272023,-0.187801639,-0.185331228,-0.207269153,-0.18779866,-0.197167041,-0.18957093,-0.191269692,-0.171197572,-0.167543604,-0.179769985,-0.191891583,-0.181163851,-0.173280045,-0.172584219,-0.173838993,-0.184086852,-0.171491258,-0.178643788,-0.157578477,-0.169168635,-0.170127112,-0.163065179,-0.181748235,-0.170592719,-0.170551958,-0.168038551,-0.175314949,-0.173135923,-0.169017352,-0.183848398,-0.175560975,-0.169692916,-0.178682552,-0.1688142,-0.169649091,-0.166300068
hsa-miR-4741,-0.179040869,-0.177475658,-0.178975049,-0.176994657,-0.176888992,-0.15878962,-0.167243958,-0.161431956,-0.16031024,-0.189747726,-0.183717993,-0.179008022,-0.173285187,-0.17638634,-0.167042394,-0.166413205,-0.175645215,-0.173230822,-0.165390482,-0.168599702,-0.16160518,-0.182221909,-0.166347146,-0.157800381,-0.175857247,-0.160734729,-0.178250119,-0.181406177,-0.174964957,-0.161429404,-0.168342635,-0.158884002,-0.159593502,-0.179180713,-0.181769687,-0.167705961,-0.176828392,-0.192898084,-0.176163734,-0.181638786,-0.177651921,-0.177186125,-0.164982732,-0.164133562,-0.168220542,-0.163438117,-0.162941906,-0.172148011,-0.168206625,-0.161564022,-0.177110849,-0.17273086,-0.175762155,-0.201646016,-0.199861571,-0.182530914,-0.179450519,-0.172696515,-0.17362027,-0.182921245,-0.18675489,-0.186426071,-0.20708762,-0.188018619,-0.197279166,-0.190848211,-0.19171607,-0.171370237,-0.168776778,-0.180574178,-0.194077431,-0.181606426,-0.173415125,-0.172788799,-0.173796109,-0.184611435,-0.170714537,-0.179655202,-0.157578477,-0.169788573,-0.170518518,-0.163627264,-0.181817929,-0.171297879,-0.170209593,-0.168165566,-0.175314949,-0.173581644,-0.170394598,-0.184027579,-0.177019097,-0.17039439,-0.179799311,-0.168679062,-0.169609937,-0.166584659
hsa-miR-4763-5p,-0.181842362,-0.177475658,-0.178605702,-0.176716648,-0.176974224,-0.15878962,-0.167243958,-0.161431956,-0.16031024,-0.189633724,-0.18288207,-0.178865777,-0.173350039,-0.176267857,-0.167042394,-0.166488092,-0.175966908,-0.17339377,-0.165236516,-0.168599702,-0.161761911,-0.182245757,-0.166229331,-0.157800381,-0.176295454,-0.160804051,-0.178306285,-0.181587884,-0.174964957,-0.161429404,-0.16839279,-0.159184186,-0.159593502,-0.179180713,-0.181553129,-0.167705961,-0.177151813,-0.192898084,-0.176292446,-0.181256526,-0.177651921,-0.177352316,-0.165316017,-0.16424108,-0.168220542,-0.163629366,-0.162264777,-0.172148011,-0.168156101,-0.161472102,-0.177110849,-0.17273086,-0.175930712,-0.201580902,-0.198933113,-0.182295313,-0.179324836,-0.172696515,-0.17362027,-0.18325109,-0.188266861,-0.186061123,-0.206543022,-0.188183588,-0.197279166,-0.190688551,-0.192013656,-0.172060898,-0.168776778,-0.180413339,-0.19337796,-0.181606426,-0.173685285,-0.172788799,-0.17392476,-0.18463528,-0.170770017,-0.179733004,-0.157578477,-0.16966031,-0.170578735,-0.16358169,-0.181574001,-0.171022695,-0.170808731,-0.168483102,-0.175937386,-0.172913063,-0.170288656,-0.184206761,-0.176233954,-0.17039439,-0.179545502,-0.168611493,-0.170158088,-0.166394932
hsa-miR-4791,-0.181842362,-0.170118933,-0.178544144,-0.175270999,-0.176164522,-0.158045165,-0.162733488,-0.152166014,-0.152417337,-0.185187666,-0.179482653,-0.173673835,-0.170431688,-0.175379233,-0.165079026,-0.163230544,-0.169640292,-0.166573226,-0.155228756,-0.156903388,-0.157190588,-0.180647918,-0.157746631,-0.154152317,-0.173958348,-0.157511243,-0.172043721,-0.179377116,-0.171187037,-0.155008419,-0.166461824,-0.154781481,-0.159412081,-0.179097666,-0.180686895,-0.167705961,-0.176684649,-0.181656341,-0.172765743,-0.178007313,-0.177651921,-0.176853743,-0.163582937,-0.162198238,-0.161981399,-0.158848135,-0.162941906,-0.167467474,-0.164265789,-0.158040437,-0.176193608,-0.172066057,-0.175425043,-0.200278633,-0.198444451,-0.18129401,-0.178979209,-0.172479405,-0.17362027,-0.178138501,-0.182335281,-0.182192677,-0.199281711,-0.187358742,-0.193466934,-0.183024867,-0.190972107,-0.167571602,-0.168776778,-0.179930824,-0.193203092,-0.179393553,-0.171524005,-0.167060557,-0.173538807,-0.177720324,-0.167774096,-0.178176981,-0.156430745,-0.16431602,-0.169916354,-0.162989221,-0.177252998,-0.170713112,-0.167727451,-0.15883001,-0.173447639,-0.170183023,-0.169032487,-0.173814232,-0.173878526,-0.161275229,-0.178809457,-0.156381451,-0.164010969,-0.158046942
hsa-miR-4796-5p,-0.181842362,-0.177866973,-0.178790375,-0.177105861,-0.177485615,-0.158830978,-0.167243958,-0.161431956,-0.160349122,-0.189861727,-0.183717993,-0.179008022,-0.173414891,-0.176445581,-0.167042394,-0.166562978,-0.176503061,-0.173440327,-0.165390482,-0.168599702,-0.161683545,-0.182007274,-0.166229331,-0.157735237,-0.176149385,-0.160734729,-0.178250119,-0.181648453,-0.174964957,-0.161429404,-0.168417868,-0.15910914,-0.159567585,-0.179720519,-0.18191406,-0.167705961,-0.177187749,-0.192898084,-0.176112249,-0.182212176,-0.177651921,-0.177352316,-0.165282688,-0.164348598,-0.168220542,-0.163629366,-0.162941906,-0.171679957,-0.168156101,-0.161518062,-0.177110849,-0.17286382,-0.175930712,-0.201819652,-0.200057035,-0.182589814,-0.179670463,-0.173347846,-0.17362027,-0.183086168,-0.188266861,-0.186608545,-0.207359919,-0.188568516,-0.197503415,-0.190848211,-0.192460034,-0.171888233,-0.167543604,-0.180574178,-0.194252299,-0.181163851,-0.173685285,-0.173044524,-0.173796109,-0.184754503,-0.171546738,-0.1794996,-0.157119384,-0.169703064,-0.170578735,-0.16368803,-0.182096703,-0.17128068,-0.170551958,-0.168483102,-0.176559823,-0.173748789,-0.17033406,-0.184385942,-0.17713126,-0.17039439,-0.17977393,-0.168746631,-0.170197241,-0.166774386
hsa-miR-483-3p,-0.181842362,-0.175127767,-0.178913491,-0.176661046,-0.17607929,-0.158706902,-0.167243958,-0.161431956,-0.159960309,-0.189405721,-0.183049255,-0.178865777,-0.172960925,-0.175971649,-0.167042394,-0.16671275,-0.176503061,-0.173370492,-0.165544447,-0.168599702,-0.161709667,-0.181744942,-0.166582777,-0.15781341,-0.176003316,-0.160700068,-0.177885036,-0.180649065,-0.160797754,-0.161429404,-0.168259044,-0.158909017,-0.159386164,-0.178599383,-0.181120012,-0.167705961,-0.177079942,-0.192898084,-0.175932053,-0.182021046,-0.177651921,-0.177518507,-0.164949404,-0.164348598,-0.168220542,-0.163323367,-0.162941906,-0.171679957,-0.167954007,-0.161564022,-0.175276367,-0.16794428,-0.175425043,-0.200539087,-0.199714972,-0.182530914,-0.17571146,-0.173347846,-0.17362027,-0.18325109,-0.186638584,-0.186024628,-0.207632218,-0.18779866,-0.196830668,-0.187655009,-0.191120899,-0.171888233,-0.170009953,-0.175427344,-0.190405207,-0.180721277,-0.173280045,-0.171765899,-0.172123643,-0.184659124,-0.171657698,-0.178488185,-0.157578477,-0.169446538,-0.170518518,-0.163247477,-0.181016453,-0.171091491,-0.170380776,-0.168229073,-0.175937386,-0.173525929,-0.170379463,-0.183490035,-0.175448812,-0.169692916,-0.179596264,-0.168476354,-0.169844859,-0.164402798
hsa-miR-504-5p,-0.176239376,-0.16229263,-0.174850677,-0.173992156,-0.165254847,-0.152958062,-0.162537381,-0.16010825,-0.156849805,-0.174243521,-0.178033721,-0.172358069,-0.170301984,-0.168329488,-0.149372088,-0.165552015,-0.1616516,-0.161684781,-0.160001688,-0.159827466,-0.158810142,-0.161426157,-0.162341427,-0.156575674,-0.15891323,-0.158655061,-0.136827328,-0.176288098,-0.173075997,-0.156292616,-0.163435809,-0.156982834,-0.156042831,-0.159290934,-0.163217843,-0.167705961,-0.158608966,-0.152146767,-0.148542183,-0.146279711,-0.158679386,-0.070159073,-0.162183141,-0.162413274,-0.159901684,-0.161869873,-0.161587648,-0.171679957,-0.162143801,-0.156738243,-0.127579849,-0.158637042,-0.156715285,-0.186105604,-0.195414748,-0.170309131,-0.163111776,-0.166617424,-0.17362027,-0.171706533,-0.182916809,-0.177119904,-0.187663615,-0.182629626,-0.194419992,-0.182066907,-0.180407822,-0.161528319,-0.170009953,-0.17140638,-0.182798457,-0.174967808,-0.168147004,-0.13519721,-0.169593503,-0.136850551,-0.169715897,-0.168374038,-0.154135279,-0.160981183,-0.163292548,-0.162746157,-0.163000657,-0.165123433,-0.146158492,-0.165879307,-0.174070076,-0.169347297,-0.16490075,-0.149803906,-0.167373058,-0.132514799,-0.173098759,-0.167597953,-0.16412843,-0.156529126
hsa-miR-548az-5p,-0.179040869,-0.177632184,-0.178913491,-0.177161463,-0.17722992,-0.158582827,-0.166851743,-0.161431956,-0.160154715,-0.189633724,-0.183272167,-0.179043583,-0.173414891,-0.176267857,-0.167042394,-0.166450648,-0.176395831,-0.173370492,-0.164774619,-0.168599702,-0.161396205,-0.181888032,-0.166229331,-0.157735237,-0.176003316,-0.160353456,-0.178250119,-0.181345608,-0.174964957,-0.161429404,-0.168284121,-0.158833971,-0.15951575,-0.179595948,-0.181769687,-0.167705961,-0.177331492,-0.192898084,-0.175674629,-0.182212176,-0.177651921,-0.177019934,-0.164082864,-0.16424108,-0.168220542,-0.163017369,-0.162264777,-0.172148011,-0.168156101,-0.161456782,-0.177110849,-0.172464938,-0.175762155,-0.201602607,-0.199714972,-0.182442563,-0.179419098,-0.172479405,-0.17362027,-0.183086168,-0.18803425,-0.186170607,-0.207632218,-0.18779866,-0.197503415,-0.190688551,-0.192013656,-0.172060898,-0.170009953,-0.179609146,-0.193989997,-0.181606426,-0.173009885,-0.173095669,-0.173967644,-0.184730658,-0.171380298,-0.179343998,-0.156889838,-0.16966031,-0.17048841,-0.163490541,-0.182061857,-0.171160287,-0.170209593,-0.168673623,-0.176248604,-0.173637359,-0.170349194,-0.183310853,-0.176906934,-0.17039439,-0.179520121,-0.167665522,-0.169923166,-0.166679523
hsa-miR-548e-3p,-0.181842362,-0.177710447,-0.178975049,-0.177161463,-0.177400383,-0.158624185,-0.167243958,-0.16010825,-0.160271359,-0.189633724,-0.183272167,-0.178510164,-0.17309063,-0.176267857,-0.167042394,-0.166562978,-0.176020523,-0.172951482,-0.165544447,-0.168599702,-0.161552936,-0.181744942,-0.166111516,-0.157722208,-0.176149385,-0.160665407,-0.178053536,-0.18122447,-0.173075997,-0.160573273,-0.167958114,-0.158909017,-0.159386164,-0.179471378,-0.181408756,-0.167705961,-0.176828392,-0.192898084,-0.175829083,-0.181256526,-0.177651921,-0.177019934,-0.165016061,-0.16424108,-0.166140828,-0.163438117,-0.162941906,-0.172148011,-0.168055054,-0.161518062,-0.177110849,-0.172597899,-0.175762155,-0.201233631,-0.199470641,-0.182354213,-0.179450519,-0.172913625,-0.17362027,-0.182426479,-0.188150555,-0.18573267,-0.206361489,-0.188293567,-0.197335228,-0.18973059,-0.192013656,-0.171715568,-0.168776778,-0.180252501,-0.193902563,-0.181606426,-0.173685285,-0.172635364,-0.173238621,-0.184539901,-0.171324818,-0.179110594,-0.157119384,-0.169318275,-0.170247544,-0.163369009,-0.181678542,-0.171143088,-0.17072314,-0.168483102,-0.176559823,-0.173581644,-0.169895157,-0.184385942,-0.17713126,-0.17039439,-0.179393217,-0.168679062,-0.170001473,-0.165920614
hsa-miR-5695,-0.181842362,-0.177945236,-0.178421029,-0.176661046,-0.176974224,-0.15878962,-0.167047851,-0.161431956,-0.159921427,-0.189405721,-0.18349508,-0.17868797,-0.173285187,-0.176267857,-0.167042394,-0.166637864,-0.1755916,-0.173091152,-0.165390482,-0.168599702,-0.161657423,-0.181530307,-0.16575807,-0.157709179,-0.175711177,-0.160561423,-0.178165869,-0.181375892,-0.174964957,-0.159717142,-0.168041706,-0.158884002,-0.159308412,-0.179139189,-0.181553129,-0.167705961,-0.177079942,-0.185871994,-0.175957795,-0.182021046,-0.177651921,-0.177352316,-0.164916075,-0.16424108,-0.168220542,-0.163591116,-0.162941906,-0.172148011,-0.168105578,-0.161334223,-0.177110849,-0.17273086,-0.175762155,-0.20147238,-0.199079712,-0.182148063,-0.179199153,-0.172696515,-0.17362027,-0.182756323,-0.188150555,-0.18573267,-0.207359919,-0.187908639,-0.197615539,-0.18941127,-0.191567278,-0.172060898,-0.168776778,-0.180252501,-0.193902563,-0.181163851,-0.173685285,-0.172942234,-0.173538807,-0.184372988,-0.171435778,-0.179188396,-0.157348931,-0.169446538,-0.170458302,-0.163201902,-0.181399767,-0.170902302,-0.170551958,-0.168419594,-0.176559823,-0.173581644,-0.17016758,-0.183669216,-0.176794771,-0.17039439,-0.179266313,-0.168679062,-0.170001473,-0.166205205
hsa-miR-582-3p,-0.181842362,-0.177866973,-0.178851933,-0.177105861,-0.177272536,-0.158624185,-0.167243958,-0.16010825,-0.160271359,-0.189177718,-0.183717993,-0.178723532,-0.173285187,-0.176208615,-0.16606071,-0.166488092,-0.176181369,-0.172928204,-0.165544447,-0.165675623,-0.161579058,-0.181411065,-0.16575807,-0.157722208,-0.175565108,-0.160734729,-0.176228125,-0.181678737,-0.174964957,-0.160573273,-0.167958114,-0.158959048,-0.159567585,-0.179678996,-0.181408756,-0.167705961,-0.177295556,-0.192898084,-0.17459345,-0.182212176,-0.177651921,-0.176853743,-0.164982732,-0.16424108,-0.168220542,-0.163514617,-0.162941906,-0.166063313,-0.168004531,-0.161579342,-0.176193608,-0.172597899,-0.175425043,-0.201385562,-0.199959303,-0.182118612,-0.179481939,-0.172913625,-0.17362027,-0.182096634,-0.188615777,-0.186462565,-0.207722985,-0.188513526,-0.197839788,-0.190688551,-0.192311241,-0.171888233,-0.170009953,-0.180735016,-0.193815129,-0.181606426,-0.172469565,-0.173044524,-0.173796109,-0.184086852,-0.171824138,-0.179655202,-0.157578477,-0.169467915,-0.170638951,-0.163672839,-0.181678542,-0.171229083,-0.169867229,-0.168546609,-0.176248604,-0.173693074,-0.170273522,-0.184027579,-0.176906934,-0.168289969,-0.179088646,-0.1688142,-0.169727398,-0.166774386
hsa-miR-582-5p,-0.181842362,-0.177945236,-0.179036606,-0.176716648,-0.177272536,-0.158582827,-0.167243958,-0.161431956,-0.160349122,-0.188493709,-0.183717993,-0.178545725,-0.172831221,-0.1756162,-0.167042394,-0.166637864,-0.176503061,-0.172648864,-0.16508255,-0.168599702,-0.161709667,-0.180314042,-0.166347146,-0.157800381,-0.175565108,-0.160249473,-0.177323371,-0.180649065,-0.174964957,-0.161429404,-0.166846346,-0.15910914,-0.159541668,-0.179678996,-0.181841873,-0.167705961,-0.175642512,-0.192898084,-0.17590631,-0.181829916,-0.177651921,-0.177352316,-0.16481609,-0.164133562,-0.168220542,-0.163476367,-0.162264777,-0.171679957,-0.167398248,-0.161334223,-0.176193608,-0.172464938,-0.174582261,-0.200625905,-0.199568374,-0.182413113,-0.17951336,-0.173347846,-0.17362027,-0.181931712,-0.188150555,-0.186061123,-0.20708762,-0.188128598,-0.197110979,-0.190369231,-0.19171607,-0.171370237,-0.170009953,-0.179126631,-0.193552827,-0.181606426,-0.173415125,-0.172839944,-0.173195737,-0.184110697,-0.171657698,-0.178565986,-0.157119384,-0.169147258,-0.170428194,-0.163505732,-0.181887623,-0.171160287,-0.170637549,-0.16829258,-0.176559823,-0.173748789,-0.169456255,-0.183848398,-0.176794771,-0.17039439,-0.179418598,-0.168543923,-0.170040627,-0.166300068
hsa-miR-607,-0.181842362,-0.177475658,-0.179036606,-0.177050259,-0.177400383,-0.158665544,-0.166459529,-0.161431956,-0.160271359,-0.189633724,-0.183717993,-0.179043583,-0.173350039,-0.176445581,-0.167042394,-0.166675307,-0.176395831,-0.173463605,-0.165390482,-0.168599702,-0.161814154,-0.182198061,-0.166582777,-0.157683122,-0.176295454,-0.160734729,-0.178193952,-0.181678737,-0.174964957,-0.161429404,-0.16839279,-0.158884002,-0.15961942,-0.179554425,-0.18191406,-0.167705961,-0.177439299,-0.192898084,-0.175932053,-0.182212176,-0.177651921,-0.177518507,-0.165216032,-0.163918526,-0.168220542,-0.163629366,-0.162941906,-0.171679957,-0.168206625,-0.161564022,-0.177110849,-0.172597899,-0.175930712,-0.201754538,-0.199959303,-0.182413113,-0.179544781,-0.172479405,-0.17362027,-0.18325109,-0.188266861,-0.186754524,-0.207722985,-0.188568516,-0.197615539,-0.190848211,-0.192460034,-0.172060898,-0.170009953,-0.180735016,-0.194252299,-0.181606426,-0.173550205,-0.173197959,-0.173753225,-0.184849882,-0.171824138,-0.179733004,-0.157578477,-0.169703064,-0.170608843,-0.163596881,-0.182096703,-0.171349476,-0.170209593,-0.168546609,-0.176559823,-0.173804504,-0.170409733,-0.184027579,-0.17713126,-0.17039439,-0.179748549,-0.168746631,-0.170118934,-0.166679523
hsa-miR-6087,-0.17063639,-0.162840471,-0.162785352,-0.167041922,-0.169899982,-0.156514899,-0.155673621,-0.156137132,-0.153894826,-0.184617658,-0.170733333,-0.17381608,-0.168615825,-0.174372127,-0.161152292,-0.159336464,-0.161597985,-0.164548013,-0.144759099,-0.136434839,-0.160325209,-0.1801948,-0.157864446,-0.155833032,-0.173374072,-0.159798878,-0.177295288,-0.177590331,-0.170242556,-0.160573273,-0.16650362,-0.156782711,-0.159437999,-0.175651211,-0.175778236,-0.139104944,-0.174923797,-0.173225034,-0.174413253,-0.166730635,-0.177651921,-0.174360877,-0.160716688,-0.160692986,-0.145343683,-0.153416657,-0.158202002,-0.166531367,-0.165832019,-0.156324605,-0.169772923,-0.169805728,-0.163288984,-0.196762507,-0.171274855,-0.18126456,-0.174234689,-0.145557716,-0.162860704,-0.179128034,-0.169425372,-0.174820734,-0.147635642,-0.180869955,-0.154167311,-0.183823168,-0.177580759,-0.165499619,-0.168776778,-0.175105667,-0.18218642,-0.173640085,-0.169362724,-0.161536895,-0.17208076,-0.178149528,-0.161726774,-0.175453941,-0.156430745,-0.162691356,-0.166905533,-0.162655008,-0.174813722,-0.166430558,-0.166443585,-0.148541848,-0.167534491,-0.165168664,-0.168926545,-0.148012091,-0.166027099,-0.150753121,-0.176144464,-0.154894926,-0.163776047,-0.153493493
hsa-miR-643,-0.181842362,-0.177866973,-0.178975049,-0.177161463,-0.177102072,-0.158830978,-0.167243958,-0.161431956,-0.16031024,-0.189633724,-0.183717993,-0.178865777,-0.173155482,-0.176208615,-0.16606071,-0.166637864,-0.176556677,-0.173370492,-0.165544447,-0.165675623,-0.161761911,-0.182126515,-0.166582777,-0.157826439,-0.175857247,-0.160665407,-0.178250119,-0.181557599,-0.174964957,-0.161429404,-0.168259044,-0.159134156,-0.159541668,-0.179720519,-0.181408756,-0.167705961,-0.177259621,-0.192898084,-0.176215219,-0.181829916,-0.177651921,-0.177352316,-0.165116046,-0.164348598,-0.168220542,-0.163514617,-0.162941906,-0.172148011,-0.168004531,-0.161518062,-0.177110849,-0.17273086,-0.175762155,-0.201342153,-0.199714972,-0.182295313,-0.179607622,-0.173347846,-0.17362027,-0.183086168,-0.187801639,-0.186462565,-0.207359919,-0.188238578,-0.197559477,-0.190369231,-0.192311241,-0.171715568,-0.170009953,-0.180413339,-0.193989997,-0.181606426,-0.173685285,-0.172942234,-0.173838993,-0.184754503,-0.171768658,-0.179810805,-0.157578477,-0.16966031,-0.170669059,-0.163627264,-0.18202701,-0.171125889,-0.170466367,-0.168673623,-0.176559823,-0.173525929,-0.170258387,-0.183848398,-0.176794771,-0.17039439,-0.179596264,-0.168746631,-0.170197241,-0.166679523
hsa-miR-6730-3p,-0.181842362,-0.177632184,-0.178913491,-0.176716648,-0.177059456,-0.158830978,-0.167047851,-0.161431956,-0.160271359,-0.189747726,-0.182993527,-0.178723532,-0.173220334,-0.176090132,-0.16606071,-0.16671275,-0.176342215,-0.173463605,-0.165390482,-0.168599702,-0.161788033,-0.182317302,-0.166582777,-0.15781341,-0.176149385,-0.160804051,-0.178278202,-0.181648453,-0.174964957,-0.161429404,-0.168459663,-0.159234217,-0.159645337,-0.179512901,-0.181480943,-0.167705961,-0.176936199,-0.192898084,-0.176266703,-0.181447656,-0.177651921,-0.177352316,-0.165382674,-0.164348598,-0.168220542,-0.163629366,-0.162941906,-0.172148011,-0.168206625,-0.161380183,-0.177110849,-0.172464938,-0.175256486,-0.201819652,-0.19922631,-0.182295313,-0.179387677,-0.173130736,-0.17362027,-0.18325109,-0.188150555,-0.186280092,-0.206996854,-0.188238578,-0.197727663,-0.190369231,-0.19171607,-0.172060898,-0.170009953,-0.180413339,-0.193902563,-0.181606426,-0.173415125,-0.172891089,-0.173881877,-0.184706814,-0.171657698,-0.179577401,-0.157578477,-0.169724441,-0.170699167,-0.163596881,-0.181852776,-0.171246282,-0.170808731,-0.168546609,-0.175937386,-0.173470214,-0.170318925,-0.183310853,-0.176346118,-0.17039439,-0.179596264,-0.168476354,-0.169884012,-0.166489796
hsa-miR-6789-3p,-0.181842362,-0.177319132,-0.177805451,-0.175993824,-0.176334986,-0.158582827,-0.167243958,-0.161431956,-0.159493733,-0.188607711,-0.18199042,-0.177834501,-0.172442107,-0.175793924,-0.167042394,-0.165664344,-0.175269908,-0.173067874,-0.163850826,-0.168599702,-0.161448449,-0.181220279,-0.166582777,-0.157709179,-0.176149385,-0.160700068,-0.178334368,-0.180982194,-0.174964957,-0.161429404,-0.168342635,-0.159084125,-0.159334329,-0.178267195,-0.17945973,-0.167705961,-0.175498769,-0.192898084,-0.175957795,-0.179345224,-0.177651921,-0.177019934,-0.165016061,-0.163380936,-0.168220542,-0.163552867,-0.162941906,-0.172148011,-0.16785296,-0.161349543,-0.176193608,-0.169140925,-0.174582261,-0.20127704,-0.198004656,-0.182030262,-0.177816644,-0.172479405,-0.17362027,-0.183086168,-0.184312474,-0.185404217,-0.205635358,-0.186313937,-0.196045797,-0.18893229,-0.190228143,-0.170679576,-0.170009953,-0.178483277,-0.19136698,-0.180721277,-0.173009885,-0.171663609,-0.173152853,-0.18422992,-0.169882337,-0.178954992,-0.157348931,-0.169232767,-0.17015722,-0.163247477,-0.180040742,-0.170644316,-0.170038411,-0.167149451,-0.175314949,-0.1715759,-0.170182714,-0.182594127,-0.175673138,-0.168289969,-0.178073411,-0.168070938,-0.168748557,-0.166300068
hsa-miR-6837-3p,-0.181842362,-0.177553921,-0.178851933,-0.177050259,-0.177272536,-0.158748261,-0.167047851,-0.161431956,-0.160193596,-0.18929172,-0.183439352,-0.178652409,-0.173414891,-0.176445581,-0.167042394,-0.166637864,-0.176127754,-0.173300657,-0.165236516,-0.168599702,-0.161552936,-0.182126515,-0.166582777,-0.157774323,-0.175857247,-0.160804051,-0.178081619,-0.181618168,-0.174964957,-0.161001339,-0.168342635,-0.159159171,-0.15923066,-0.179429854,-0.181697501,-0.167705961,-0.177403364,-0.191492866,-0.176163734,-0.182212176,-0.177651921,-0.177019934,-0.165216032,-0.16424108,-0.168220542,-0.163361617,-0.162941906,-0.172148011,-0.168105578,-0.161533382,-0.177110849,-0.17286382,-0.175762155,-0.201711129,-0.199812705,-0.182413113,-0.17951336,-0.173347846,-0.17362027,-0.182591401,-0.188266861,-0.186608545,-0.20708762,-0.188128598,-0.197447352,-0.190528891,-0.192162448,-0.171024907,-0.170009953,-0.180091662,-0.193727695,-0.181606426,-0.173280045,-0.173197959,-0.173838993,-0.184682969,-0.171657698,-0.179733004,-0.157348931,-0.169767196,-0.170518518,-0.163657647,-0.181992163,-0.171177486,-0.170551958,-0.168419594,-0.176559823,-0.173637359,-0.170318925,-0.183848398,-0.17713126,-0.17039439,-0.179647026,-0.1688142,-0.169923166,-0.166679523
p-hsa-miR-337,-0.179040869,-0.177319132,-0.178605702,-0.176883454,-0.177400383,-0.158706902,-0.166655636,-0.161431956,-0.15999919,-0.189747726,-0.183327896,-0.17897246,-0.173285187,-0.176327098,-0.16606071,-0.166562978,-0.176342215,-0.173463605,-0.164774619,-0.168599702,-0.161291717,-0.182007274,-0.166347146,-0.157670093,-0.176003316,-0.160526762,-0.178137786,-0.181345608,-0.174964957,-0.161429404,-0.16839279,-0.158934033,-0.159541668,-0.179720519,-0.18191406,-0.167705961,-0.177331492,-0.192898084,-0.176060764,-0.182212176,-0.177651921,-0.177352316,-0.165016061,-0.163918526,-0.168220542,-0.16278787,-0.162941906,-0.17074385,-0.167802437,-0.161410823,-0.177110849,-0.17273086,-0.175593599,-0.201732834,-0.199714972,-0.182206963,-0.179450519,-0.172913625,-0.17362027,-0.18325109,-0.18803425,-0.18649906,-0.207632218,-0.188293567,-0.197671601,-0.190528891,-0.19171607,-0.172060898,-0.170009953,-0.180735016,-0.194077431,-0.181163851,-0.173009885,-0.172942234,-0.173967644,-0.184778348,-0.171602218,-0.179421799,-0.157578477,-0.169638933,-0.170398085,-0.163596881,-0.181922469,-0.171315078,-0.170637549,-0.168229073,-0.175937386,-0.173358783,-0.170122176,-0.184385942,-0.177243424,-0.169692916,-0.179621645,-0.168543923,-0.170079781,-0.166489796
